{"cameraMode":{"drawMode":0,"name":"Shaded","section":"Shading Mode"},"sceneLighting":true,"audioPlay":false,"sceneViewState":{"m_AlwaysRefresh":false,"showFog":true,"showSkybox":true,"showFlares":true,"showImageEffects":true,"showParticleSystems":true,"showVisualEffectGraphs":true,"m_FxEnabled":true},"in2DMode":false,"pivot":{"x":185.8363037109375,"y":7.283823013305664,"z":103.99688720703125},"rotation":{"x":0.10497721284627915,"y":-0.8869965672492981,"z":0.24869368970394135,"w":0.3748897612094879},"size":21.891746520996095,"orthographic":false}