{"cameraMode":{"drawMode":0,"name":"Shaded","section":"Shading Mode"},"sceneLighting":true,"audioPlay":false,"sceneViewState":{"m_AlwaysRefresh":false,"showFog":true,"showSkybox":true,"showFlares":true,"showImageEffects":true,"showParticleSystems":true,"showVisualEffectGraphs":true,"m_FxEnabled":true},"in2DMode":false,"pivot":{"x":61.67941665649414,"y":-3.0332117080688478,"z":152.7102508544922},"rotation":{"x":0.25134220719337466,"y":-0.48323115706443789,"z":0.14709465205669404,"w":0.8256540298461914},"size":23.082557678222658,"orthographic":false}